<?xml version="1.0" encoding="UTF-8"?>
<project-private xmlns="http://www.netbeans.org/ns/project-private/1">
    <editor-bookmarks xmlns="http://www.netbeans.org/ns/editor-bookmarks/2" lastBookmarkId="0"/>
    <open-files xmlns="http://www.netbeans.org/ns/projectui-open-files/2">
        <group>
            <file>file:/C:/Users/damia/Escritorio/Documentos/Proyectos/UDEMY/JAVA/Gestor%20de%20Contactos/src/Pag1_1.java</file>
            <file>file:/C:/Users/damia/Escritorio/Documentos/Proyectos/UDEMY/JAVA/Gestor%20de%20Contactos/src/Pag4.java</file>
            <file>file:/C:/Users/damia/Escritorio/Documentos/Proyectos/UDEMY/JAVA/Gestor%20de%20Contactos/src/Pag3.java</file>
            <file>file:/C:/Users/damia/Escritorio/Documentos/Proyectos/UDEMY/JAVA/Gestor%20de%20Contactos/src/Pag2.java</file>
            <file>file:/C:/Users/damia/Escritorio/Documentos/Proyectos/UDEMY/JAVA/Gestor%20de%20Contactos/src/Pag1.java</file>
        </group>
    </open-files>
</project-private>
